{"cameraMode":{"drawMode":0,"name":"Shaded","section":"Shading Mode"},"sceneLighting":true,"audioPlay":false,"sceneViewState":{"showFog":true,"showMaterialUpdate":false,"showSkybox":true,"showFlares":true,"showImageEffects":true,"showParticleSystems":true},"in2DMode":false,"pivot":{"x":-10.661727905273438,"y":1.8683128356933594,"z":-6.280416965484619},"rotation":{"x":0.38932424783706667,"y":-0.0013813781552016736,"z":0.0005836760974489152,"w":0.9211006760597229},"size":24.617040634155275,"orthographic":true}